>>>>,,,,,,,,,Team Composition,,,,,,,,,,,Draft Order,,,,,,,,,,,,,,,,,,,,,Role Per Rotation,,,,,,,,,,,Roster,,,,,,,,,
Date,Patch,Game #,VoD,Partner,Side,GameTime,Result,,MSF_T,MSF_J,MSF_M,MSF_B,MSF_S,OPP_T,OPP_J,OPP_M,OPP_B,OPP_S,,B_B1,R_B1,B_B2,R_B2,B_B3,R_B3,B_P1,R_P1,R_P2,B_P2,B_P3,R_P3,R_B4,B_B4,R_B5,B_B5,R_P4,B_P4,B_P5,R_P5,,BP1,BP2,BP3,BP4,BP5,RP1,RP2,RP3,RP4,RP5,,MSF_Top,MSF_Jun,MSF_Mid,MSF_Bot,MSF_Sup,OPP_Top,OPP_Jun,OPP_Mid,OPP_Bot,OPP_Sup
25/5/2019,9.10,1,https://www.youtube.com/watch?v=pnoW3ja3Ydo,MSFA,Blue,,Loss,,Sylas,Xin Zhao,Irelia,Xayah,Yuumi,Renekton,Kindred,Ryze,Varus,Galio,,Karthus,Draven,Yasuo,Amumu,Akali,Annie,Irelia,Ryze,Kindred,Yuumi,Xayah,Varus,Sejuani,Nautilus,Jarvan IV,Jax,Galio,Sylas,Xin Zhao,Renekton,,Flex,Support,Bot,Flex,Jungle,Flex,Jungle,Bot,Support,Flex,,sOAZ,Maxlore,Febiven,Hans Sama,Gorilla,Dan Dan,Kirei,LIDER,Neon,Hiiva
25/5/2019,9.10,2,https://www.youtube.com/watch?v=XmwNbIAO8Tw,MSFA,Red,,Loss,,Irelia,Kha'Zix,Ryze,Kai'Sa,Yuumi,Renekton,Taliyah,Akali,Xayah,Rakan,,Amumu,Yasuo,Draven,Taric,Sylas,Anivia,Akali,Irelia,Ryze,Xayah,Rakan,Yuumi,Karthus,Sivir,Elise,Ezreal,Kai'Sa,Renekton,Taliyah,Kha'Zix,,Flex,Bot,Support,Top,Jungle,Flex,Flex,Support,Bot,Jungle,,sOAZ,Maxlore,Febiven,Hans Sama,Gorilla,Dan Dan,Kirei,LIDER,Neon,Hiiva
25/5/2019,9.10,3,https://www.youtube.com/watch?v=7BEQ_biUHBI,MSFA,Blue,,Loss,,Aatrox,Rek'Sai,Akali,Xayah,Rakan,Sylas,Skarner,Irelia,Ezreal,Galio,,Yasuo,Draven,Karthus,Amumu,Ryze,Jarvan IV,Akali,Sylas,Irelia,Xayah,Rakan,Galio,Sejuani,Elise,Renekton,Kai'Sa,Ezreal,Aatrox,Rek'Sai,Skarner,,Flex,Bot,Support,Flex,Jungle,Flex,Flex,Support,Bot,Jungle,,sOAZ,Maxlore,Febiven,Hans Sama,Gorilla,Dan Dan,Kirei,LIDER,Neon,Hiiva
25/5/2019,9.10,4,https://www.youtube.com/watch?v=M3WjkRNo7nI,MSFA,Red,,Win,,Jayce,Elise,Sylas,Kai'Sa,Thresh,Ryze,Kindred,Aatrox,Varus,Braum,,Draven,Karthus,Amumu,Yasuo,Akali,Irelia,Ryze,Jayce,Sylas,Kindred,Aatrox,Elise,Galio,Yuumi,Nautilus,Rakan,Thresh,Braum,Varus,Kai'Sa,,Flex,Jungle,Flex,Support,Bot,Flex,Flex,Jungle,Support,Bot,,sOAZ,Maxlore,Febiven,Hans Sama,Gorilla,Dan Dan,Kirei,LIDER,Neon,Hiiva
26/5/2019,9.10,1,https://www.youtube.com/watch?v=x30tvpHhI9Q,XL,Red,,Win,,Jayce,Kindred,Sylas,Kai'Sa,Nautilus,Aatrox,Elise,Ryze,Sivir,Morgana,,Draven,Taric,Yuumi,Heimerdinger,Irelia,Karthus,Ryze,Jayce,Sylas,Aatrox,Elise,Nautilus,Galio,Rek'Sai,Rakan,Jarvan IV,Kai'Sa,Sivir,Morgana,Kindred,,Flex,Flex,Jungle,Bot,Support,Flex,Flex,Support,Bot,Jungle,,sOAZ,Maxlore,Febiven,Hans Sama,Gorilla,Expect,Caedrel,Special,Hjarnan,kaSing
26/5/19,9.10,2,https://www.youtube.com/watch?v=O79MoPZsLRw,XL,Blue,,Win,,Pyke,Taliyah,Sylas,Xayah,Rakan,Aatrox,Karthus,Jayce,Neeko,Yuumi,,Taric,Ryze,Heimerdinger,Draven,Akali,Irelia,Sylas,Jayce,Karthus,Xayah,Rakan,Yuumi,Elise,Sivir,Jarvan IV,Ezreal,Aatrox,Pyke,Taliyah,Neeko,,Flex,Bot,Support,Top,Jungle,Flex,Jungle,Support,Flex,Bot,,sOAZ,Maxlore,Febiven,Hans Sama,Gorilla,Expect,Caedrel,Special,Hjarnan,kaSing
26/5/19,9.10,3,https://www.youtube.com/watch?v=j2yR-4OgF4A,XL,Red,,Loss,,Aatrox,Rek'Sai,Orianna,Varus,Galio,Renekton,Lee Sin,Ryze,Sona,Taric,,Akali,Irelia,Draven,Sylas,Jayce,Karthus,Ryze,Galio,Rek'Sai,Taric,Sona,Varus,Vi,Azir,Jarvan IV,Pyke,Aatrox,Lee Sin,Renekton,Orianna,,Flex,Bot,Support,Jungle,Top,Support,Jungle,Bot,Flex,Mid,,sOAZ,Maxlore,Febiven,Hans Sama,Gorilla,Expect,Caedrel,Special,Hjarnan,kaSing
26/5/19,9.10,4,https://www.youtube.com/watch?v=opAJywxxd5U,XL,Blue,,Win,,Irelia,Sejuani,Akali,Jhin,Fiddlesticks,Gangplank,Jarvan IV,Aatrox,Heimerdinger,Yuumi,,Taric,Ryze,Karthus,Draven,Sylas,Jayce,Akali,Aatrox,Yuumi,Irelia,Sejuani,Heimerdinger,Nautilus,Renekton,Pyke,Rek'Sai,Gangplank,Jhin,Fiddlesticks,Jarvan IV,,Flex,Jungle,Flex,Bot,Support,Top,Jungle,Mid,Bot,Support,,sOAZ,Maxlore,LIDER,Hans Sama,Gorilla,Expect,Caedrel,Special,Hjarnan,kaSing
26/5/19,9.10,5,https://www.youtube.com/watch?v=lWuqhbztCFw,XL,Red,,Win,,Ryze,Rek'Sai,Akali,Xayah,Fiddlesticks,Jayce,Leona,Corki,Zilean,Rammus,,Yasuo,Taric,Elise,Heimerdinger,Irelia,Sylas,Jayce,Ryze,Akali,Leona,Corki,Rek'Sai,Taliyah,Galio,Pantheon,Draven,Xayah,Zilean,Rammus,Rakan,,Flex,Bot,Support,Mid,Jungle,Flex,Flex,Jungle,Bot,Support,,sOAZ,Kirei,Febiven,Hans Sama,Gorilla,Expect,Caedrel,Special,Hjarnan,kaSing
27/5/19,9.10,1,https://www.youtube.com/watch?v=4-zoorHS9-w,OG,Blue,,Loss,,Irelia,Sejuani,LeBlanc,Varus,Galio,Jayce,Kayn,Lissandra,Draven,Nautilus,,Taric,Yuumi,Karthus,Sylas,Ryze,Akali,Irelia,Jayce,Draven,Varus,Sejuani,Nautilus,Morgana,Elise,Tahm Kench,Jarvan IV,Kayn,LeBlanc,Galio,Lissandra,,,,,,,,,,,,,sOAZ,Maxlore,Febiven,Hans Sama,Gorilla,Alphari,Kold,Nukeduck,Patrik,Mithy
27/5/19,9.10,2,https://www.youtube.com/watch?v=c4ElMT-RnnI,OG,Red,,Loss,,Sylas,Kayn,LeBlanc,Draven,Karma,Gangplank,Karthus,Aatrox,Neeko,Yuumi,,Rek'Sai,Taric,Jayce,Ryze,Akali,Irelia,,,,,,,Varus,Kennen,Ezreal,Vladimir,,,,,,,,,,,,,,,,,sOAZ,Maxlore,Febiven,Hans Sama,Gorilla,Alphari,Kold,Nukeduck,Patrik,Mithy
27/5/19,9.10,3,https://www.youtube.com/watch?v=H6fOZ3yX7YU,OG,Blue,,Win,,Ornn,Kha'Zix,Ryze,Xayah,Rakan,Aatrox,Sejuani,Jayce,Taliyah,Alistar,,Taric,Karthus,Yuumi,Akali,Sylas,Irelia,Ryze,Aatrox,Jayce,Xayah,Rakan,Sejuani,Olaf,Draven,Rek'Sai,Galio,Alistar,Ornn,Kha'Zix,Taliyah,,,,,,,,,,,,,sOAZ,Maxlore,Febiven,Hans Sama,Gorilla,Alphari,Kold,Nukeduck,Patrik,Mithy
27/5/19,9.10,4,https://www.youtube.com/watch?v=0e8EgOs7168,OG,Red,,Win,,Sylas,Jarvan IV,LeBlanc,Sivir,Fiddlesticks,Aatrox,Karthus,Azir,Caitlyn,Yuumi,,Jayce,Taric,Akali,Irelia,Draven,Ryze,Yuumi,Sylas,Fiddlesticks,Karthus,Aatrox,Jarvan IV,Neeko,Kennen,Ezreal,Lucian,Sivir,Caitlyn,Azir,LeBlanc,,,,,,,,,,,,,sOAZ,Maxlore,Febiven,Hans Sama,Gorilla,Alphari,Kold,Nukeduck,Patrik,Mithy
27/5/19,9.10,5,- (lag),OG,Blue,,Loss,,Pyke,Rakan,Xayah,Syndra,Fiddlesticks,Jax,Sejuani,Aatrox,Ezreal,Yuumi,,,,,,,,,,,,,,,,,,,,,,,,,,,,,,,,,,sOAZ,Maxlore,Hans Sama,Febiven,Gorilla,Alphari,Kold,Nukeduck,Patrik,Mithy
28/5/19,9.10,1,https://www.youtube.com/watch?v=rsOh0oDoU-c,SPY,Red,,Loss,,Sylas,Rakan,Ezreal,Xayah,Yuumi,Jarvan IV,Sejuani,Aatrox,Sona,Taric,,Amumu,Draven,Irelia,Ryze,Akali,Jayce,Aatrox,Yuumi,Sylas,Ezreal,Sona,Taric,no ban,Fiora,Elise,Rek'Sai,Xayah,Sejuani,Jarvan IV,Rakan,,,,,,,,,,,,,sOAZ,Maxlore,Febiven,Hans Sama,Gorilla,Vizicsacsi,Xerxe,Humanoid,Kobbe,Norskeren
28/5/19,9.10,2,https://www.youtube.com/watch?v=b8z3x5clM6w,SPY,Blue,,Loss,,Neeko,Sejuani,Yasuo,Draven,Yuumi,Pyke,Aatrox,Sylas,Ashe,Lux,,Irelia,Ryze,Taric,Amumu,Akali,Jayce,Yuumi,Sylas,Aatrox,Draven,Neeko,Lux,Elise,Jarvan IV,Rek'Sai,Karthus,Ashe,Yasuo,Sejuani,Pyke,,,,,,,,,,,,,sOAZ,Maxlore,Febiven,Hans Sama,Gorilla,Vizicsacsi,Xerxe,Humanoid,Kobbe,Norskeren
28/5/19,9.10,3,https://www.youtube.com/watch?v=AAVA2n4-m1o,SPY,Red,,Win,,Neeko,Jarvan IV,Irelia,Sivir,Yuumi,Sylas,Rek'Sai,Ryze,Ezreal,Lux,,Draven,Taric,Ahri,Aatrox,Amumu,Jayce,,,,,,,Akali,Karthus,LeBlanc,Sejuani,,,,,,,,,,,,,,,,,sOAZ,Maxlore,Febiven,Hans Sama,Gorilla,Vizicsacsi,Xerxe,Humanoid,Kobbe,Norskeren
30/5/19,9.11,1,https://www.youtube.com/watch?v=jFGKzFZcaQo,XL,Blue,,Win,,Neeko,Gragas,Sylas,Draven,Yuumi,Aatrox,Sejuani,Vladimir,Tristana,Alistar,,No Ban,Ryze,Elise,Taric,Irelia,Corki,Yuumi,Aatrox,Sejuani,Sylas,Draven,Tristana,Rek'Sai,Jayce,Karthus,Nautilus,Alistar,Neeko,Gragas,Vladimir,,,,,,,,,,,,,sOAZ,Maxlore,Febiven,Hans Sama,Gorilla,Expect,Caedrel,Special,Hjarnan,kaSing
30/5/19,9.11,2,https://www.youtube.com/watch?v=mr3ZlUj4KZw,XL,Red,,Win,,Kennen,Jarvan IV,Azir,Sivir,Yuumi,Ryze,Nocturne,Aatrox,Tristana,Lulu,,Draven,Taric,Leona,Elise,Tahm Kench,Irelia,Ryze,Jarvan IV,Yuumi,Tristana,Aatrox,Sivir,Alistar,Neeko,Rek'Sai,Jayce,Azir,Lulu,Nocturne,Kennen,,,,,,,,,,,,,sOAZ,Maxlore,Febiven,Hans Sama,Gorilla,Expect,Caedrel,Special,Hjarnan,kaSing
30/5/19,9.11,3,https://www.youtube.com/watch?v=R_VuAN8dBzk,XL,Blue,,Loss,,Urgot,Ivern,Aatrox,Xayah,Rakan,Sylas,Rek'Sai,Zoe,Ashe,Tahm Kench,,Amumu,Ryze,Annie,Draven,Kayle,Yuumi,Urgot,Sylas,Rek'Sai,Ivern,Aatrox,Tahm Kench,Yasuo,LeBlanc,Volibear,Dr Mundo,Ashe,Xayah,Rakan,Zoe,,,,,,,,,,,,,sOAZ,Maxlore,Febiven,Hans Sama,Gorilla,Expect,Caedrel,Special,Hjarnan,kaSing
30/5/19,9.11,4,https://www.youtube.com/watch?v=2Co8t7Z_SHE&feature=youtu.be,XL,Red,,Loss,,Jayce,Sylas,Renekton,Sona,Taric,Aatrox,Sejuani,Yasuo,Heimerdinger,Pyke,,Yuumi,Irelia,Draven,Ryze,Karthus,Rakan,Aatrox,Sona,Taric,Heimerdinger,Pyke,Sylas,Elise,Rek'Sai,Gragas,Jarvan IV,Jayce,Yasuo,Sejuani,Renekton,,,,,,,,,,,,,sOAZ,Maxlore,Febiven,Hans Sama,Gorilla,Expect,Caedrel,Special,Hjarnan,kaSing
31/5/19,9.10,1,https://www.youtube.com/watch?v=g5UD3Kogtmw,MSFA,Blue,,Win,,Irelia,Lee Sin,Syndra,Sivir,Yuumi,Jax,Kindred,Ryze,Kai'Sa,Galio,,Akali,Sejuani,Karthus,Sylas,Elise,No Ban,Irelia,Ryze,Galio,Yuumi,Sivir,Kindred,Skarner,Renekton,Gragas,Yasuo,Kai'Sa,Syndra,Lee Sin,Jax,,,,,,,,,,,,,sOAZ,Maxlore,Febiven,Hans Sama,Gorilla,Dan Dan,Kirei,LIDER,Neon,Hiiva
31/5/19,9.10,2,https://www.youtube.com/watch?v=rm_1GGR2AXQ,MSFA,Red,,Win,,Sylas,Vi,Azir,Draven,Alistar,Vladimir,Rek'Sai,Aatrox,Varus,Braum,,Yuumi,Karthus,Akali,Irelia,Jayce,Ryze,Aatrox,Sylas,Draven,Varus,Braum,Alistar,No Ban,Elise,Sejuani,Taliyah,Vladimir,Vi,Azir,Rek'Sai,,,,,,,,,,,,,sOAZ,Maxlore,Febiven,Hans Sama,Gorilla,Dan Dan,Kirei,LIDER,Neon,Hiiva
31/5/19,9.10,3,https://www.youtube.com/watch?v=_HPjlJbsjN4,MSFA,Blue,,Loss,,Neeko,Jarvan IV,Irelia,Ezreal,Yuumi,Renekton,Taliyah,Sylas,Sivir,Nautilus,,Karthus,Ryze,Elise,Amumu,Akali,Sejuani,Irelia,Renekton,Taliyah,Yuumi,Jarvan IV,Sylas,Draven,Alistar,Aatrox,Galio,Sivir,Neeko,Ezreal,Nautilus,,,,,,,,,,,,,sOAZ,Maxlore,Febiven,Hans Sama,Gorilla,Dan Dan,Kirei,LIDER,Neon,Hiiva
31/5/19,9.10,4,https://www.youtube.com/watch?v=WL9RQSxD8-Q,MSFA,Red,,Win,,Renekton,Taliyah,LeBlanc,Kai'Sa,Thresh,Aatrox,Sejuani,Irelia,Ezreal,Nautilus,,Draven,Karthus,Yuumi,Ryze,Akali,Elise,Irelia,Renekton,Taliyah,Sejuani,Aatrox,LeBlanc,Galio,Sivir,No Ban,Rakan,Kai'Sa,Ezreal,Nautilus,Thresh,,,,,,,,,,,,,sOAZ,Maxlore,Febiven,Hans Sama,Gorilla,Dan Dan,Kirei,LIDER,Neon,Hiiva
31/5/19,9.10,5,https://www.youtube.com/watch?v=NrwfxEArHAA,MSFA,Blue,,Win,,Jarvan IV,Taliyah,Aatrox,Ezreal,Yuumi,Jayce,Sejuani,Sylas,Kai'Sa,Galio,,Karthus,Ryze,Akali,Irelia,Elise,Olaf,Aatrox,Jayce,Sejuani,Yuumi,Jarvan IV,Sylas,Sivir,Taric,Draven,Alistar,Galio,Taliyah,Ezreal,Kai'Sa,,,,,,,,,,,,,sOAZ,Maxlore,Febiven,Hans Sama,Gorilla,Dan Dan,Kirei,LIDER,Neon,Hiiva
1/6/19,9.11,1,https://www.youtube.com/watch?v=-JrxuB31xvY,SK,Blue,,Loss,,Irelia,Vi,Azir,Xayah,Rakan,Renekton,Sejuani,Corki,Ezreal,Nautilus,,Yuumi,Ryze,Elise,Aatrox,Akali,Sylas,Irelia,Sejuani,Nautilus,Xayah,Rakan,Renekton,Gragas,Sivir,Evelynn,LeBlanc,Ezreal,Azir,Vi,Corki,,Flex,Bot,Support,Mid,Jungle,Jungle,Support,Top,Bot,Mid,,sOAZ,Maxlore,Febiven,Hans Sama,Gorilla,Sacre,Selfmade,Pirean,Crownshot,Dreams
1/6/19,9.11,2,https://www.youtube.com/watch?v=8J6FZorzOLM,SK,Red,,Loss,,Renekton,Taliyah,Jayce,Sivir,Nautilus,Sylas,Olaf,Aatrox,Xayah,Pyke,,Yuumi,Taric,Draven,Ryze,Irelia,Elise,Aatrox,Jayce,Nautilus,Sylas,Pyke,Sivir,Ezreal,LeBlanc,Rakan,Azir,Taliyah,Xayah,Olaf,Renekton,,Flex,Flex,Support,Bot,Jungle,Flex,Support,Bot,Jungle,Flex,,sOAZ,Maxlore,Febiven,Hans Sama,Gorilla,Sacre,Selfmade,Pirean,Crownshot,Dreams
1/6/19,9.11,3, https://www.youtube.com/watch?v=rzTPZADeJFk&feature=youtu.be,SK,Blue,,Loss,,Neeko,Skarner,Irelia,Sivir,Yuumi,Rumble,Rek'Sai,Sylas,Lucian,Nautilus,,Elise,Ryze,Akali,Aatrox,Renekton,Sejuani,Irelia,Sylas,Nautilus,Yuumi,Sivir,Lucian,Gragas,Jayce,Olaf,Jarvan IV,Rek'Sai,Skarner,Neeko,Rumble,,Flex,Support,Bot,Jungle,Flex,Flex,Support,Bot,Jungle,Top,,sOAZ,Maxlore,Febiven,Hans Sama,Gorilla,Sacre,Selfmade,Pirean,Crownshot,Dreams
1/6/19,9.11,4,https://www.youtube.com/watch?v=x_hF2Paf0QY,SK,Red,,Loss,,Neeko,Kayn,Jayce,Draven,Thresh,Aatrox,Sejuani,Sylas,Ashe,Alistar,,Yuumi,Taric,Irelia,Ryze,Nautilus,Elise,Aatrox,Jayce,Draven,Sylas,Ashe,Neeko,Olaf,Taliyah,Jarvan IV,Rek'Sai,Thresh,Alistar,Sejuani,Kayn,,Flex,Flex,Bot,Support,Jungle,Flex,Bot,Flex,Support,Jungle,,sOAZ,Maxlore,Febiven,Hans Sama,Gorilla,Sacre,Selfmade,Pirean,Crownshot,Dreams
1/6/19,9.11,5,https://www.youtube.com/watch?v=t1V0gZF7FXY,SK,Blue,,Loss,,Akali,Rek'Sai,Irelia,Sona,Taric,Illaoi,Jarvan IV,Lissandra,Xayah,Rakan,,Ryze,Aatrox,Elise,Yuumi,Sylas,Draven,Akali,Xayah,Jarvan IV,Irelia,Rek'Sai,Rakan,Ezreal,Jayce,Galio,Renekton,Lissandra,Sona,Taric,Illaoi,,Flex,Flex,Jungle,Bot,Support,Bot,Jungle,Support,Mid,Top,,sOAZ,Maxlore,Febiven,Hans Sama,Gorilla,Sacre,Selfmade,Pirean,Crownshot,Dreams
3/6/19,9.11,1,https://www.youtube.com/watch?v=xgMvzg6qaKg,VIT,Blue,,Loss,,Ryze,Gragas,Irelia,Sivir,Braum,Jayce,Sejuani,Ekko,Kai'Sa,Nautilus,,Renekton,Sylas,Amumu,Aatrox,Akali,No Ban,Irelia,Sejuani,Nautilus,Ryze,Sivir,Jayce,Yuumi,Zoe,Morgana,Yasuo,Kai'Sa,Braum,Gragas,Ekko,,Flex,Flex,Bot,Support,Jungle,Jungle,Support,Flex,Bot,Mid,,sOAZ,Maxlore,Febiven,Hans Sama,Gorilla,Cabochard,Mowgli,Jiizuke,Attila,Jactroll
3/6/19,9.11,2,https://www.youtube.com/watch?v=HJIM6XTzymg,VIT,Red,,Loss,,Jarvan IV,Gragas,Renekton,Lucian,Yuumi,Sylas,Lee Sin,Kennen,Draven,Nautilus,,Irelia,Ryze,Bard,Taric,Jayce,Aatrox,Sylas,Renekton,Yuumi,Draven,Nautilus,Lucian,Olaf,Elise,Rek'Sai,Sejuani,Jarvan IV,Lee Sin,Kennen,Gragas,,Flex,Bot,Support,Jungle,Flex,Flex,Support,Bot,Flex,Flex,,sOAZ,Maxlore,Febiven,Hans Sama,Gorilla,Cabochard,Mowgli,Jiizuke,Attila,Jactroll
3/6/19,9.11,3,https://www.youtube.com/watch?v=BknyR74FD6c,VIT,Blue,,Win,,Kennen,Jarvan IV,Irelia,Kai'Sa,Nautilus,Ryze,Olaf,Azir,Sivir,Morgana,,Renekton,Aatrox,Ekko,Sylas,Akali,Yuumi,Irelia,Olaf,Ryze,Kai'Sa,Nautilus,Sivir,Sejuani,Jayce,Neeko,Cho'Gath,Morgana,Kennen,Jarvan IV,Azir,,Flex,Bot,Support,Top,Jungle,Jungle,Flex,Bot,Support,Mid,,sOAZ,Maxlore,Febiven,Hans Sama,Gorilla,Cabochard,Mowgli,Jiizuke,Attila,Jactroll
3/6/19,9.11,4,https://www.youtube.com/watch?v=jZYcRIYFXmk,VIT,Red,,Loss,,Pyke,Jarvan IV,Azir,Draven,Yuumi,Jayce,Elise,Morgana,Sivir,Braum,,Irelia,Taric,Ryze,Aatrox,Olaf,Sylas,,,,,,,Rek'Sai,LeBlanc,Vi,Ivern,,,,,,,,,,,,,,,,,sOAZ,Maxlore,Febiven,Hans Sama,Gorilla,Cabochard,Mowgli,Jiizuke,Attila,Jactroll
3/6/19,9.11,5,https://www.youtube.com/watch?v=SkgZU_-JGh8,VIT,Blue,,Loss,,Neeko,Kha'Zix,Ryze,Lucian,Yuumi,Sylas,Rek'Sai,Annie,Kai'Sa,Nautilus,,Irelia,Jayce,Draven,Rakan,Aatrox,Sivir,Ryze,Sylas,Nautilus,Lucian,Yuumi,Kai'Sa,Jarvan IV,Olaf,Bard,Elise,Rek'Sai,Neeko,Kha'Zix,Annie,,Flex,Bot,Support,Flex,Jungle,Flex,Support,Bot,Jungle,Mid,,sOAZ,Maxlore,Febiven,Hans Sama,Gorilla,Cabochard,Mowgli,Jiizuke,Attila,Jactroll
4/6/19,9.11,1,https://www.youtube.com/watch?v=rE0GbuJKH6A,S04,Blue,,Loss,,Kennen,Sejuani,Irelia,Kai'Sa,Nautilus,Sylas,Trundle,Renekton,Xayah,Rakan,,No Ban,Draven,Jayce,Aatrox,Ryze,Sona,Irelia,Sylas,Xayah,Sejuani,Nautilus,Rakan,Sivir,Olaf,Varus,Rek'Sai,Trundle,Kai'Sa,Kennen,Renekton,,Flex,Jungle,Support,Bot,Top,Flex,Bot,Support,Jungle,Flex,,sOAZ,Maxlore,Febiven,Hans Sama,Gorilla,Odoamne,Trick,Abbedagge,Upset,IgNar
4/6/19,9.11,2,https://www.youtube.com/watch?v=hqphngfQwdM,S04,Red,,Win,,Galio,Gragas,Zed,Lucian,Yuumi,Ryze,Skarner,Lissandra,Sivir,Nautilus,,Draven,Aatrox,Irelia,Sylas,Xayah,Jayce,Ryze,Yuumi,Gragas,Sivir,Nautilus,Lucian,Rek'Sai,Yasuo,Olaf,Kennen,Zed,Lissandra,Skarner,Galio,,Flex,Bot,Support,Mid,Jungle,Support,Jungle,Bot,Mid,Flex,,sOAZ,Maxlore,LIDER,Hans Sama,Gorilla,Odoamne,Trick,Abbedagge,Upset,IgNar
4/6/19,9.11,3,https://www.youtube.com/watch?v=-znvo5o9ZE8,S04,Blue,,Loss,,Jayce,Elise,Irelia,Lucian,Rakan,Rumble,Rek'Sai,Sylas,Xayah,Thresh,,Ryze,Aatrox,Yuumi,Ahri,Renekton,Draven,Irelia,Sylas,Xayah,Lucian,Rakan,Rek'Sai,Olaf,Galio,Sejuani,Nautilus,Thresh,Elise,Jayce,Rumble,,Flex,Bot,Support,Jungle,Flex,Flex,Bot,Jungle,Support,Top,,sOAZ,Maxlore,LIDER,Hans Sama,Gorilla,Odoamne,Trick,Abbedagge,Upset,IgNar
4/6/19,9.11,4,https://www.youtube.com/watch?v=80H_d9779So,S04,Red,,Loss,,Yorick,Jarvan IV,LeBlanc,Kai'Sa,Nautilus,Rumble,Olaf,Lissandra,Xayah,Rakan,,Irelia,Ryze,Draven,Aatrox,Zed,Sylas,Xayah,Jarvan IV,Nautilus,Rakan,Olaf,Kai'Sa,Jayce,No Ban,Rammus,Kennen,LeBlanc,Lissandra,Rumble,Yorick,,Bot,Support,Jungle,Mid,Top,Jungle,Support,Bot,Mid,Top,,sOAZ,Maxlore,Febiven,Hans Sama,Gorilla,Odoamne,Trick,Abbedagge,Upset,IgNar
4/6/19,9.11,5,https://www.youtube.com/watch?v=N0hF_4qUn14,S04,Blue,,Win,,Rumble,Olaf,Malzahar,Xayah,Rakan,Neeko,Trundle,LeBlanc,Ezreal,Galio,,Irelia,Draven,Ryze,Aatrox,Sylas,No Ban,Xayah,Ezreal,Galio,Rakan,Olaf,LeBlanc,Lissandra,Jayce,Morgana,Jarvan IV,Trundle,Malzahar,Rumble,Neeko,,Bot,Support,Jungle,Mid,Top,Bot,Flex,Mid,Jungle,Flex,,sOAZ,Maxlore,Febiven,Hans Sama,Gorilla,Odoamne,Trick,Abbedagge,Upset,IgNar
5/6/19,9.11,1,https://www.youtube.com/watch?reload=9&v=dTOBYIOyy9g,G2,Red,,Loss,,Pyke,Olaf,LeBlanc,Draven,Nautilus,Aatrox,Sejuani,Syndra,Lucian,Braum,,Irelia,Ryze,Neeko,Jayce,Yuumi,Sylas,Aatrox,Draven,Nautilus,Sejuani,Braum,LeBlanc,Lissandra,Jarvan IV,Ezreal,Camille,Olaf,Syndra,Lucian,Pyke,,Flex,Jungle,Support,Mid,Bot,Bot,Support,Mid,Jungle,Top,,sOAZ,Maxlore,Febiven,Hans Sama,Gorilla,Wunder,Jankos,Caps,Perkz,Mikyx
5/6/19,9.11,2,https://www.youtube.com/watch?v=4oWKUZGEGLM,G2,Blue,,Loss,,Renekton,Elise,Sylas,Xayah,Rakan,Vladimir,Jarvan IV,Zoe,Ezreal,Yuumi,,Irelia,Ryze,Jayce,Draven,Aatrox,Sejuani,Sylas,Yuumi,Jarvan IV,Xayah,Rakan,Ezreal,Lee Sin,Neeko,Olaf,Twisted Fate,Vladimir,Renekton,Elise,Zoe,,Flex,Bot,Support,Flex,Jungle,Support,Jungle,Bot,Top,Mid,,sOAZ,Maxlore,Febiven,Hans Sama,Gorilla,Wunder,Jankos,Caps,Perkz,Mikyx
5/6/19,9.11,3,https://www.youtube.com/watch?v=SFu0NsyvXfA,G2,Red,,Loss,,Camille,Lee Sin,Sylas,Xayah,Rakan,Aatrox,Jarvan IV,LeBlanc,Ezreal,Yuumi,,Irelia,Ryze,Draven,Jayce,Kennen,Neeko,Sylas,Aatrox,Yuumi,Xayah,Rakan,Ezreal,Elise,Vladimir,Olaf,Rumble,Jarvan IV,Camille,Lee Sin,LeBlanc,,Flex,Bot,Support,Top,Jungle,Flex,Support,Bot,Jungle,Mid,,sOAZ,Maxlore,Febiven,Hans Sama,Gorilla,Wunder,Jankos,Caps,Perkz,Mikyx
5/6/19,9.11,4,https://www.youtube.com/watch?v=5bdS1A-YPHA,G2,Blue,,Loss,,Aatrox,Olaf,LeBlanc,Lucian,Nautilus,Camille,Sejuani,Lissandra,Sivir,Braum,,Irelia,Sylas,Jayce,Draven,Ryze,Yuumi,Aatrox,Camille,Sejuani,Olaf,Nautilus,Braum,Kai'Sa,Renekton,Xayah,Syndra,Sivir,Lucian,LeBlanc,Lissandra,,Flex,Jungle,Support,Bot,Mid,Top,Jungle,Support,Bot,Mid,,sOAZ,Maxlore,Febiven,Hans Sama,Gorilla,Wunder,Jankos,Caps,Perkz,Mikyx
5/6/19,9.11,5,https://www.youtube.com/watch?v=qqhZt1fBeEE,G2,Red,,Loss,,Gragas,Sejuani,Irelia,Xayah,Lux,Shyvana,Rek'Sai,Sylas,Kai'Sa,Rakan,,Aatrox,Yuumi,Draven,Ryze,Maokai,Olaf,Sylas,Irelia,Xayah,Rek'Sai,Rakan,Sejuani,Sivir,Nautilus,Ezreal,Thresh,Lux,Kai'Sa,Syndra,Gragas,,Flex,Jungle,Support,Bot,Flex,Flex,Bot,Jungle,Support,Flex,,sOAZ,Maxlore,Febiven,Hans Sama,Gorilla,Wunder,Jankos,Caps,Perkz,Mikyx
6/6/19,9.11,1,https://www.youtube.com/watch?v=whRXWAFBcLE,SK,Blue,,Loss,,Neeko,Olaf,Ryze,Draven,Nautilus,Cassiopeia,Rek'Sai,Sylas,Lucian,Lux,,Irelia,Aatrox,Taric,Yuumi,Jayce,Rakan,Ryze,Sylas,Rek'Sai,Draven,Nautilus,Lucian,Elise,Braum,Skarner,Galio,Lux,Olaf,Neeko,Cassiopeia,,Flex,Bot,Support,Jungle,Flex,Flex,Jungle,Bot,Support,Mid,,sOAZ,Maxlore,Febiven,Hans Sama,Gorilla,Sacre,Selfmade,Pirean,Crownshot,Dreams
6/6/19,9.11,2,https://www.youtube.com/watch?v=Vh5yzlghoN8,SK,Red,,Loss,,Jayce,Gragas,Zoe,Xayah,Rakan,Rumble,Sejuani,Aatrox,Ezreal,Lux,,Draven,Yuumi,Taric,Ryze,Irelia,Sylas,Aatrox,Xayah,Rakan,Sejuani,Ezreal,Jayce,Braum,Elise,Galio,Evelynn,Gragas,Lux,Rumble,Zoe,,Flex,Jungle,Bot,Support,Top,Bot,Support,Flex,Jungle,Mid,,sOAZ,Maxlore,Febiven,Hans Sama,Gorilla,Sacre,Selfmade,Pirean,Crownshot,Dreams
6/6/19,9.11,3,https://www.youtube.com/watch?v=tKZ4BwJj8SM,SK,Blue,,Loss,,Renekton,Sejuani,Sylas,Sivir,Lux,Pyke,Rek'Sai,Azir,Kai'Sa,Nautilus,,Irelia,Aatrox,Ryze,Yuumi,Taric,Rakan,Sylas,Nautilus,Rek'Sai,Sivir,Sejuani,Azir,LeBlanc,Jayce,No Ban,Jax,Kai'Sa,Lux,Renekton,Pyke,,Flex,Bot,Jungle,Support,Top,Support,Jungle,Mid,Bot,Top,,sOAZ,Maxlore,Febiven,Hans Sama,Gorilla,Sacre,Selfmade,Pirean,Crownshot,Dreams
10/6/19,9.11,1,https://www.youtube.com/watch?v=StqyoQ5ejG4,MSFA,Blue,,Win,,Irelia,Kindred,Azir,Sona,Taric,Akali,Rek'Sai,Jayce,Sivir,Yuumi,,Olaf,Sejuani,Renekton,Draven,Sylas,Ivern,Irelia,Yuumi,Akali,Sona,Taric,Sivir,Jarvan IV,Jax,Gragas,Hecarim,Rek'Sai,Kindred,Azir,Jayce,,Flex,Bot,Support,Jungle,Mid,Support,Mid,Bot,Jungle,Top,,sOAZ,Kirei,Febiven,Hans Sama,Gorilla,LIDER,Maxlore,Dan Dan,Neon,Hiiva
10/6/19,9.11,2,https://www.youtube.com/watch?v=N38xpl5qPkc,MSFA,Red,,Win,,Ryze,Kindred,Irelia,Ezreal,Tahm Kench,Camille,Gragas,Akali,Xayah,Rakan,,Draven,Yuumi,Sylas,Sejuani,Ivern,Aatrox,Xayah,Irelia,Ryze,Akali,Rakan,Kindred,Renekton,Lux,Olaf,Galio,Tahm Kench,Camille,Gragas,Ezreal,,Bot,Mid,Support,Top,Jungle,Mid,Top,Jungle,Support,Bot,,sOAZ,Kirei,Febiven,Hans Sama,Gorilla,Dan Dan,Maxlore,LIDER,Neon,Hiiva
10/6/19,9.11,3,https://www.youtube.com/watch?v=VoBGyTZxglI,MSFA,Blue,,Unfinished,,Renekton,Taliyah,Akali,Xayah,Nautilus,Irelia,Rek'Sai,Ryze,Heimerdinger,Rakan,,Yuumi,Draven,Sona,Elise,Olaf,Sejuani,Xayah,Irelia,Rakan,Renekton,Akali,Ryze,Lux,Sivir,Galio,Ezreal,Rek'Sai,Nautilus,Taliyah,Heimerdinger,,Bot,Top,Mid,Support,Jungle,Flex,Support,Flex,Jungle,Bot,,sOAZ,Kirei,Febiven,Hans Sama,Gorilla,Dan Dan,Maxlore,LIDER,Neon,Hiiva
10/6/19,9.11,4,https://www.youtube.com/watch?v=_WQ1fUNOxdY,MSFA,Red,,Win,,Aatrox,Hecarim,Sylas,Sona,Nautilus,Jax,Gragas,Camille,Ezreal,Yuumi,,Ryze,Irelia,Draven,Elise,Amumu,Sejuani,Yuumi,Sylas,Aatrox,Camille,Ezreal,Sona,Jarvan IV,Taric,No Ban,Sivir,Nautilus,Jax,Gragas,Hecarim,,Support,Flex,Bot,Top,Jungle,Flex,Flex,Bot,Support,Jungle,,sOAZ,Kirei,Febiven,Hans Sama,Gorilla,Dan Dan,Maxlore,LIDER,Neon,Hiiva
10/6/19,9.11,5,https://www.youtube.com/watch?v=p5l8Y6QbPYE,MSFA,Blue,,Win,,Ryze,Olaf,Sylas,Draven,Nautilus,Kennen,Elise,Zed,Xayah,Braum,,Akali,Sejuani,Aatrox,Yuumi,Kindred,Irelia,Sylas,Xayah,Elise,Olaf,Ryze,Zed,Ezreal,Rakan,Sivir,Jayce,Kennen,Nautilus,Draven,Braum,,Flex,Jungle,Flex,Support,Bot,Bot,Jungle,Mid,Top,Support,,sOAZ,Maxlore,Febiven,Hans Sama,Gorilla,Dan Dan,Kirei,LIDER,Neon,Hiiva
10/6/19,9.11,6,https://www.youtube.com/watch?v=PlfZwvG6u_w,MSFA,Red,,Loss,,Akali,Hecarim,Irelia,Ezreal,Yuumi,Sylas,Rek'Sai,Gangplank,Xayah,Rakan,,Olaf,Sejuani,Aatrox,Ryze,Renekton,Draven,Sylas,Akali,Irelia,Xayah,Rakan,Yuumi,Elise,Lucian,Yasuo,Sivir,Ezreal,Gangplank,Rek'Sai,Hecarim,,Flex,Bot,Support,Flex,Jungle,Flex,Flex,Support,Bot,Jungle,,sOAZ,Maxlore,Febiven,Hans Sama,Gorilla,LIDER,Kirei,Dan Dan,Neon,Hiiva
11/6/19,9.11,1,https://www.youtube.com/watch?v=t3HgKHNxjL0,RGE,Red,,Loss,,Aatrox,Rek'Sai,Syndra,Sivir,Yuumi,Ryze,Xin Zhao,Camille,Sona,Taric,,Olaf,Sejuani,Irelia,Jayce,Sylas,Draven,Ryze,Aatrox,Yuumi,Sona,Taric,Sivir,Jarvan IV,Elise,Hecarim,Taliyah,Rek'Sai,Camille,Xin Zhao,Syndra,,Flex,Bot,Support,Flex,Jungle,Flex,Support,Bot,Jungle,Mid,,sOAZ,Kirei,Febiven,Hans Sama,Gorilla,Profit,Inspired,Larssen,Woolite,Vander
11/6/19,9.11,2,https://www.youtube.com/watch?v=q1tzFSTCQHI,RGE,Blue,,Loss,,Irelia,Taliyah,Sylas,Kai'Sa,Nautilus,Aatrox,Kindred,Ryze,Tristana,Braum,,Sona,Sejuani,Yuumi,Draven,Akali,Xayah,Irelia,Ryze,Aatrox,Nautilus,Kai'Sa,Braum,Elise,Sivir,Rek'Sai,Lucian,Kindred,Sylas,Taliyah,Tristana,,Flex,Support,Bot,Flex,Jungle,Flex,Flex,Support,Jungle,Bot,,sOAZ,Kirei,Febiven,Hans Sama,Gorilla,Profit,Inspired,Larssen,Woolite,Vander
11/6/19,9.11,3,https://www.youtube.com/watch?v=U90uVQYHTJ0,RGE,Red,,Win,,Aatrox,Gragas,Yasuo,Sona,Tahm Kench,Kennen,Jarvan IV,Ryze,Tristana,Taric,,Olaf,Sejuani,Irelia,Sylas,Yuumi,Draven,Ryze,Aatrox,Sona,Tristana,Taric,Tahm Kench,Elise,Syndra,Rek'Sai,Cassiopeia,Gragas,Kennen,Jarvan IV,Yasuo,,Flex,Bot,Support,Top,Jungle,Flex,Bot,Support,Jungle,Mid,,sOAZ,Maxlore,Febiven,Hans Sama,Gorilla,Profit,Inspired,Larssen,Woolite,Vander
11/6/19,9.11,4,https://www.youtube.com/watch?v=ppwSqU9UzTg,RGE,Blue,,Win,,Nasus,Sejuani,Yasuo,Sona,Taric,Dr Mundo,Kayn,Jayce,Sivir,Yuumi,,Irelia,Ryze,Sylas,Aatrox,Rumble,Annie,Sejuani,Yuumi,Jayce,Sona,Taric,Sivir,Jarvan IV,Gragas,Camille,Elise,Kayn,Yasuo,Nasus,Dr Mundo,,Jungle,Bot,Support,Mid,Top,Support,Flex,Bot,Jungle,Top,,sOAZ,Maxlore,Febiven,Hans Sama,Gorilla,Profit,Inspired,Larssen,Woolite,Vander
11/6/19,9.11,5,https://www.youtube.com/watch?v=o4vTx_r0sVU,RGE,Red,,Win,,Vladimir,Olaf,Sylas,Xayah,Rakan,Renekton,Elise,Camille,Lucian,Yuumi,,,,,,,,,,,,,,,,,,,,,,,,,,,,,,,,,,sOAZ,Maxlore,Febiven,Hans Sama,Gorilla,Profit,Inspired,Larssen,Woolite,Vander
12/6/19,9.11,1,https://www.youtube.com/watch?v=i0f2i2SSDGM,FNC,Blue,,Loss,,Renekton,Sejuani,Akali,Sona,Nautilus,Aatrox,Karthus,Irelia,Sivir,Lux,Sivir,Ryze,Draven,Xayah,Anivia,Fiddlesticks,Sejuani,Aatrox,Irelia,Akali,Renekton,Sivir,Alistar,Olaf,Alistar,Elise,Kalista,Karthus,Sona,Nautilus,Lux,,Jungle,Flex,Flex,Bot,Support,Flex,Flex,Bot,Jungle,Support,,sOAZ,Kirei,Febiven,Hans Sama,Gorilla,Bwipo,Broxah,Nemesis,Rekkles,Hylissang
12/6/19,9.11,2,https://www.youtube.com/watch?v=f_MXSqmAVWQ,FNC,Blue,,Loss,,Vladimir,Jarvan IV,Irelia,Xayah,Rakan,Shen,Rek'Sai,Sylas,Ezreal,Yuumi,,Ryze,Draven,Aatrox,Sona,Sejuani,Shaco,Irelia,Yuumi,Sylas,Xayah,Rakan,Ezreal,Elise,Akali,Gragas,Jayce,Rek'Sai,Vladimir,Jarvan IV,Shen,,Flex,Bot,Support,Top,Jungle,Support,Flex,Bot,Jungle,Top,,sOAZ,Kirei,Febiven,Hans Sama,Gorilla,Bwipo,Broxah,Nemesis,Rekkles,Hylissang
18/6/19,9.12,1,https://www.youtube.com/watch?v=xJDJ_G0puZs,XL,Blue,,Win,,Neeko,Rek'Sai,Irelia,Xayah,Rakan,Aatrox,Jarvan IV,Lissandra,Sivir,Lux,,Draven,Sejuani,Renekton,Karma,Sona,Yuumi,Irelia,Aatrox,Sivir,Xayah,Rakan,Lux,Elise,Akali,Kindred,Gragas,Jarvan IV,Rek'Sai,Neeko,Lissandra,,Flex,Bot,Support,Jungle,Flex,Flex,Bot,Support,Jungle,Flex,,sOAZ,Kirei,LIDER,Hans Sama,Gorilla,Expect,Caedrel,Mickey,Hjarnan,kaSing
18/6/19,9.12,2,https://www.youtube.com/watch?v=EWP-EEJcF6A,XL,Red,,Loss,,Neeko,Hecarim,Akali,Caitlyn,Karma,Jarvan IV,Gragas,Yasuo,Sona,Tahm Kench,,Draven,Jayce,Irelia,Sejuani,Amumu,Yuumi,Sona,Karma,Caitlyn,Tahm Kench,Jarvan IV,Hecarim,No Ban,No Ban,Heimerdinger,Aatrox,Neeko,Gragas,Yasuo,Akali,,Bot,Support,Flex,Jungle,Mid,Support,Bot,Jungle,Top,Mid,,sOAZ,Kirei,LIDER,Hans Sama,Gorilla,Expect,Caedrel,Mickey,Hjarnan,kaSing
18/6/19,9.12,3,https://www.youtube.com/watch?v=2VVA53UEIPo,XL,Blue,,Win,,Poppy,Jarvan IV,Zed,Sona,Nautilus,Gangplank,Elise,Aatrox,Sivir,Yuumi,,Irelia,Draven,Jayce,Sejuani,Tahm Kench,Karma,Sona,Sivir,Yuumi,Nautilus,Jarvan IV,Aatrox,Kennen,Gragas,Rumble,Neeko,Elise,Zed,Poppy,Gangplank,,Bot,Support,Flex,Mid,Flex,Bot,Support,Flex,Jungle,Top,,sOAZ,Kirei,LIDER,Hans Sama,Gorilla,Expect,Caedrel,Mickey,Hjarnan,kaSing
18/6/19,9.12,4,https://www.youtube.com/watch?v=0PAFMYJahno,XL,Red,,Win,,Camille,Rek'Sai,Azir,Sona,Tahm Kench,Aatrox,Olaf,Zoe,Ezreal,Karma,,Draven,Sejuani,Rakan,Irelia,Amumu,Jayce,Karma,Sona,Tahm Kench,Ezreal,Aatrox,Azir,Jarvan IV,Neeko,Gragas,Lee Sin,Rek'Sai,Zoe,Olaf,Camille,,Support,Bot,Flex,Mid,Jungle,Bot,Support,Mid,Jungle,Top,,sOAZ,Maxlore,Febiven,Hans Sama,Gorilla,Expect,Caedrel,Mickey,Hjarnan,kaSing
18/6/19,9.12,5,https://www.youtube.com/watch?v=2R6DXkMfdZo,XL,Blue,,Loss,,Aatrox,Gragas,Jayce,Xayah,Nautilus,Poppy,Lee Sin,Neeko,Ezreal,Lux,,,,,,,,,,,,,,,,,,,,,,,,,,,,,,,,,,sOAZ,Maxlore,Febiven,Hans Sama,Gorilla,Expect,Caedrel,Mickey,Hjarnan,kaSing
19/6/19,9.12,1,https://www.youtube.com/watch?v=AJlI9E1n3AM,RGE,Blue,,Loss,,Jayce,Sejuani,Zed,Sona,Taric,Ornn,Elise,Aatrox,Ezreal,Karma,,Amumu,Irelia,Tahm Kench,Yasuo,Yuumi,Xayah,Sejuani,Aatrox,Karma,Sona,Taric,Elise,Camille,Sivir,Jarvan IV,Lucian,Ezreal,Jayce,Zed,Ornn,,Jungle,Bot,Support,Flex,Mid,Flex,Support,Jungle,Bot,Top,,sOAZ,Kirei,LIDER,Hans Sama,Gorilla,Finn,Inspired,Larssen,HeaQ,Vander
19/6/19,9.12,2,https://www.youtube.com/watch?v=MEVR-fHG8CQ,RGE,Red,,Win,,Jarvan IV,Sejuani,Akali,Draven,Karma,Kennen,Olaf,Vladimir,Sona,Taric,,Yasuo,Jayce,Irelia,Tahm Kench,Aatrox,No Ban,Sona,Sejuani,Karma,Olaf,Taric,Draven,No Ban,Zed,Ryze,Camille,Akali,Kennen,Vladimir,Jarvan IV,,Bot,Jungle,Support,Top,Mid,Jungle,Support,Bot,Mid,Top,,sOAZ,Kirei,LIDER,Hans Sama,Gorilla,Finn,Inspired,Larssen,HeaQ,Vander
19/6/19,9.12,3,https://www.youtube.com/watch?v=mPRV7VLqta8,RGE,Blue,,Loss,,Poppy,Jarvan IV,Ryze,Ezreal,Karma,Rumble,Rek'Sai,Aatrox,Sivir,Sona,,Tahm Kench,Sejuani,Xayah,Irelia,Janna,Yasuo,Karma,Aatrox,Sona,Ezreal,Ryze,Rek'Sai,Olaf,Tahm Kench,Skarner,Nautilus,Sivir,Poppy,Jarvan IV,Rumble,,Support,Bot,Flex,Flex,Flex,Flex,Flex,Jungle,Bot,Top,,sOAZ,Maxlore,LIDER,Hans Sama,Gorilla,Finn,Inspired,Larssen,HeaQ,Vander
19/6/19,9.12,4,https://www.youtube.com/watch?v=AJyRlW9O5P4,RGE,Red,,Win,,Jayce,Gragas,Aatrox,Lucian,Nautilus,Karma,Vi,Ryze,Caitlyn,Braum,,Sona,Sejuani,Xayah,Irelia,Draven,No Ban,Karma,Aatrox,Lucian,Caitlyn,Ryze,Nautilus,Mordekaiser,Rek'Sai,Tahm Kench,Elise,Gragas,Aatrox,Braum,Jayce,,Flex,Bot,Flex,Jungle,Support,Flex,Bot,Support,Jungle,Flex,,sOAZ,Maxlore,Febiven,Hans Sama,Gorilla,Finn,Inspired,Larssen,HeaQ,Vander
19/6/19,9.12,5,https://www.youtube.com/watch?v=8ctb4kEG-p8,RGE,Blue,,Loss,,Karma,Kindred,Azir,Lucian,Nautilus,Aatrox,Skarner,Ryze,Xayah,Rakan,,Janna,Irelia,Aurelion Sol,Draven,Yuumi,No Ban,Karma,Aatrox,Xayah,Lucian,Nami,Rakan,Olaf,Sejuani,Gragas,Jarvan IV,Skarner,Azir,Kindred,Ryze,,Flex,Bot,Support,Mid,Jungle,Flex,Bot,Support,Jungle,Flex,,sOAZ,Maxlore,Febiven,Hans Sama,Gorilla,Finn,Inspired,Larssen,HeaQ,Vander
20/6/19,9.12,1,https://www.youtube.com/watch?v=lRYK0-z5Ro0,VIT,Blue,,Win,,Aatrox,Gragas,Yasuo,Sona,Taric,Lucian,Sejuani,Sylas,Varus,Tahm Kench,,Yuumi,Irelia,Karma,No Ban,Draven,Twisted Fate,Aurelion Sol,Tahm Kench,Sejuani,Aatrox,Taric,Varus,Akali,No Ban,Jarvan IV,Jayce,Sylas,Gragas,Yasuo,Lucian,,Bot,Flex,Support,Jungle,Mid,Support,Jungle,Flex,Flex,flex,,sOAZ,Kirei,LIDER,Hans Sama,Gorilla,Vizicsacsi,Mowgli,Jiizuke,Attila,Jactroll
20/6/19,9.12,2,https://www.youtube.com/watch?v=aCCCXrZRRMw,VIT,Red,,Loss,,Akali,Rek'Sai,Zed,Lucian,Yuumi,Aatrox,Skarner,Sylas,Kai'Sa,Nami,,Irelia,Karma,Jarvan IV,Sona,No Ban,Sejuani,Aatrox,Lucian,Yuumi,Nautilus,Kai'Sa,Akali,Jayce,Neeko,Kennen,Elise,Rek'Sai,Skarner,Sylas,Zed,,Flex,Support,Bot,Jungle,Flex,Bot,Support,Flex,Jungle,Flex,,sOAZ,Kirei,LIDER,Hans Sama,Gorilla,Vizicsacsi,Mowgli,Jiizuke,Attila,Jactroll
20/6/19,9.12,3,https://www.youtube.com/watch?v=vlCTA8LhgkA,VIT,Blue,,Win,,Aatrox,Kha'Zix,Azir,Xayah,Rakan,Neeko,Jarvan IV,Sylas,Sivir,Tahm Kench,,Janna,Irelia,Aatrox,Sejuani,Draven,Karma,Aatrox,Neeko,Jarvan IV,Xayah,Rakan,Sivir,Lee Sin,Lux,Nautilus,Gragas,Tahm Kench,Azir,Kha'Zix,Sylas,,Flex,Bot,Support,Mid,Jungle,Flex,Flex,Bot,Support,Flex,,sOAZ,Maxlore,Febiven,Hans Sama,Gorilla,Vizicsacsi,Mowgli,Jiizuke,Attila,Jactroll
20/6/19,9.12,4,https://www.youtube.com/watch?v=-DgGP9irwgA,VIT,Red,,Loss,,Sylas,Caitlyn,Aatrox,Sona,Nautilus,Karma,Jarvan IV,Akali,Caitlyn,Lux,,Irelia,Sejuani,Draven,No Ban,No Ban,Gragas,Karma,Aatrox,Aurelion Sol,Caitlyn,Jarvan IV,Nautilus,Morgana,Jayce,No Ban,Tahm Kench,Camille,Lux,Akali,Sylas,,Flex,Bot,Flex,Flex,Flex,Flex,Bot,Support,Flex,Flex,,sOAZ,Maxlore,Febiven,Hans Sama,Gorilla,Vizicsacsi,Mowgli,Jiizuke,Attila,Jactroll
20/6/19,9.12,5,https://www.youtube.com/watch?v=5fpuTHRK4pE,VIT,Blue,,Loss,,Poppy,Olaf,Lissandra,Ezreal,Yuumi,Swain,Gragas,Yasuo,Lucian,Pyke,,Sona,Sejuani,Karma,Irelia,Draven,Aatrox,Yuumi,Yasuo,Gragas,Ezreal,Olaf,Pyke,Vladimir,Rumble,Akali,Jayce,Lucian,Lissandra,Poppy,Swain,,Support,Bot,Jungle,Mid,Top,Mid,Jungle,Support,Bot,Top,,sOAZ,Maxlore,Febiven,Hans Sama,Gorilla,Vizicsacsi,Mowgli,Jiizuke,Attila,Jactroll
1/7/19,9.13,1,https://www.youtube.com/watch?v=PyFEsVRU8hY,MSFA,Blue,,Unfinished,,Gangplank,Sejuani,Azir,Varus,Tahm Kench,Aatrox,Taliyah,Zed,Xayah,Rakan,,Irelia,Draven,Akali,Mordekaiser,Yasuo,Yuumi,Tahm Kench,Xayah,Aatrox,Sejuani,Varus,Rakan,Karma,Olaf,Yuumi,Karthus,Taliyah,Azir,Gangplank,Zed,,Support,Jungle,Bot,Mid,Top,Bot,Flex,Support,Flex,Mid,,sOAZ,Maxlore,Febiven,Hans Sama,Gorilla,Dan Dan,Kirei,LIDER,Neon,Hiiva
1/7/19,9.13,2,https://www.youtube.com/watch?v=EosPTN3oJso,MSFA,Red,,Unfinished,,Irelia,Elise,Akali,Kalista,Lux,Gangplank,Gragas,Aatrox,Xayah,Yuumi,,Draven,Yasuo,Karma,Jayce,Neeko,Sejuani,Yuumi,Akali,Irelia,Aatrox,Gangplank,Lux,Skarner,Sivir,Caitlyn,Lucian,Kalista,Xayah,Gragas,Elise,,Support,Flex,Top,Bot,Jungle,Flex,Flex,Support,Bot,Jungle,,sOAZ,Maxlore,Febiven,Hans Sama,Gorilla,Dan Dan,Kirei,LIDER,Neon,Hiiva
1/7/19,9.13,3,https://www.youtube.com/watch?v=yPRe6lXqAEw,MSFA,Blue,,Unfinished,,Rumble,Lee Sin,Aatrox,Lucian,Lux,Viktor,Olaf,Akali,Ezreal,Yuumi,,Irelia,Draven,Sejuani,Karma,Gragas,Sivir,Aatrox,Akali,Yuumi,Lux,Lucian,Ezreal,Neeko,Rek'Sai,Elise,Skarner,Olaf,Rumble,Lee Sin,Viktor,,Flex,Support,Bot,Top,Jungle,Flex,Support,Bot,Jungle,Flex,,sOAZ,Maxlore,Febiven,Hans Sama,Gorilla,Dan Dan,Kirei,LIDER,Neon,Hiiva
1/7/19,9.13,4,https://www.youtube.com/watch?v=piP5kNCigzA,MSFA,Red,,Win,,Yorick,Gragas,Twisted Fate,Lucian,Nautilus,Vladimir,Jarvan IV,Akali,Ezreal,Yuumi,,Draven,Sejuani,Karma,Yasuo,Neeko,Aatrox,Yuumi,Nautilus,Lucian,Ezreal,Akali,Twisted Fate,Zed,Irelia,Olaf,Elise,Gragas,Jarvan IV,Yorick,Vladimir,,Support,Bot,Flex,Jungle,Top,Support,Bot,Mid,Jungle,Top,,sOAZ,Maxlore,Febiven,Hans Sama,Gorilla,Dan Dan,Kirei,LIDER,Neon,Hiiva
1/7/19,9.13,5,https://www.youtube.com/watch?v=8-ND0pOjl-k,MSFA,Blue,,Loss,,Rumble,Sejuani,Irelia,Ezreal,Tahm Kench,Karma,Olaf,Akali,Xayah,Rakan,,No Ban,Draven,Yasuo,Yuumi,Renekton,Lux,Sejuani,Xayah,Rakan,Irelia,Tahm Kench,Akali,Varus,No Ban,Neeko,Jarvan IV,Olaf,Rumble,Ezreal,Karma,,Jungle,Flex,Support,Top,Bot,Bot,Support,Mid,Jungle,Top,,sOAZ,Maxlore,Febiven,Hans Sama,Gorilla,Dan Dan,Kirei,LIDER,Neon,Hiiva
1/7/19,9.13,6,https://www.youtube.com/watch?v=VV4kwmvPwbI,MSFA,Red,,Win,,Aatrox,Evelynn,Irelia,Sivir,Lux,Jax,Gragas,Zed,Xayah,Yuumi,,Draven,Sejuani,Karma,Yasuo,Annie,Akali,Yuumi,Irelia,Aatrox,Zed,Gragas,Lux,Renekton,Olaf,Lucian,Elise,Evelynn,Xayah,Jax,Sivir,,Support,Mid,Jungle,Bot,Top,Flex,Flex,Support,Jungle,Bot,,sOAZ,Maxlore,Febiven,Hans Sama,Gorilla,Dan Dan,Kirei,LIDER,Neon,Hiiva
2/7/19,9.13,2,https://www.youtube.com/watch?v=lCbNWWJixA8,RGE,Red,,Loss,,Akali,Gragas,Aatrox,Sivir,Braum,Irelia,Rek'Sai,Syndra,Ezreal,Tahm Kench,,Qiyana,Karma,Yasuo,Olaf,Yuumi,Sejuani,Tahm Kench,Akali,Aatrox,Syndra,Rek'Sai,Gragas,Sona,Pyke,Varus,Rakan,Braum,Ezreal,Irelia,Sivir,,Support,Mid,Jungle,Bot,Top,Flex,Flex,Jungle,Support,Bot,,sOAZ,Kirei,Febiven,Hans Sama,Gorilla,Finn,Inspired,Larssen,HeaQ,Vander
2/7/19,9.13,3,https://www.youtube.com/watch?v=dU4p9nLx2ZI,RGE,Blue,,Loss,,Tahm Kench,Lee Sin,Azir,Kalista,Nautilus,Gangplank,Olaf,Neeko,Lucian,Yuumi,,Sejuani,Aatrox,Renekton,Karma,Qiyana,Irelia,Tahm Kench,Yuumi,Olaf,Lee Sin,Kalista,Lucian,Viktor,Ryze,Gnar,Jayce,Neeko,Azir,Nautilus,Gangplank,,Flex,Jungle,Bot,Mid,Support,Support,Jungle,Bot,Flex,Flex,,sOAZ,Maxlore,Febiven,Hans Sama,Gorilla,Finn,Inspired,Larssen,HeaQ,Vander
2/7/19,9.13,4,https://www.youtube.com/watch?v=F7lpvMT5Kx0,RGE,Red,,loss,,Gnar,Olaf,Twisted Fate,Xayah,Yuumi,Karma,Jarvan IV,Orianna,Sona,Taric,,Qiyana,Yasuo,Draven,Sejuani,Aatrox,Irelia,Karma,Yuumi,Olaf,Sona,Taric,Twisted Fate,Jayce,Lucian,Renekton,Ezreal,Xayah,Orianna,Jarvan IV,Gnar,,Flex,Bot,Support,Mid,Jungle,Support,Jungle,Mid,Bot,Top,,sOAZ,Maxlore,Febiven,Hans Sama,Gorilla,Finn,Inspired,Larssen,HeaQ,Vander
2/7/19,9.13,5,https://www.youtube.com/watch?v=3UKLdpNJ3NU,RGE,Blue,,Loss,,Ryze,Jarvan IV,Aatrox,Ezreal,Lux,Neeko,Olaf,Zoe,Lucian,Karma,,Yasuo,Sejuani,Irelia,Zed,Sona,Akali,Aatrox,Karma,Olaf,Jarvan IV,Lux,Neeko,Caitlyn,Draven,Pyke,Varus,Lucian,Ezreal,Ryze,Zoe,,Flex,Jungle,Support,Bot,Top,Flex,Jungle,Flex,Bot,Mid,,sOAZ,Maxlore,LIDER,Hans Sama,Gorilla,Finn,Inspired,Larssen,HeaQ,Vander
3/7/19,9.13,1,https://www.youtube.com/watch?v=3chSukVU9D8,XL,Blue,,Win,,Neeko,Sylas,Yasuo,Lucian,Nami,Jayce,Gragas,Akali,Sivir,Yuumi,,Sona,Karma,Sejuani,Skarner,Tahm Kench,Irelia,Yasuo,Master Yi,Gragas,Sylas,Nami,Sivir,Draven,Aatrox,Kalista,Renekton,Akali,Lucian,Neeko,Jayce,,Mid,Flex,Support,Bot,Top,Support,Jungle,Bot,Mid,Top,,sOAZ,Maxlore,LIDER,Hans Sama,Gorilla,Expect,Caedrel,Mickey,Jeskla,Mystiques
3/7/19,9.13,2,https://www.youtube.com/watch?v=J9RxtesNrvk,XL,Red,,Win,,Vladimir,Aatrox,Sylas,Lucian,Lux,Poppy,Jarvan IV,Twisted Fate,Sivir,Karma,,Yuumi,Sejuani,Yasuo,Irelia,Draven,Tahm Kench,Karma,Aatrox,Lux,Sivir,Jarvan IV,Lucian,Jayce,Elise,Neeko,Gragas,Sylas,Twisted Fate,Poppy,Vladimir,,Support,Bot,Flex,Mid,Top,Flex,Support,Bot,Flex,Top,,sOAZ,Maxlore,LIDER,Hans Sama,Gorilla,Expect,Caedrel,Mickey,Jeskla,Mystiques
3/7/19,9.13,3,https://www.youtube.com/watch?v=31Rb0rpLxeA,XL,Blue,,Win,,Akali,Gragas,Yasuo,Kalista,Thresh,Irelia,Olaf,Neeko,Ezreal,Lux,,Jayce,Kai'Sa,Tahm Kench,Sejuani,Aatrox,Zac,Akali,Irelia,Neeko,Yasuo,Gragas,Olaf,Draven,No Ban,Nautilus,Poppy,Lux,Kalista,Thresh,Ezreal,,Flex,Mid,Jungle,Bot,Support,Flex,Flex,Jungle,Support,Bot,,sOAZ,Maxlore,Febiven,Hans Sama,Gorilla,Expect,Caedrel,Mickey,Jeskla,Mystiques
3/7/19,9.13,4,https://www.youtube.com/watch?v=Yxn-OuqjnpI,XL,Red,,Loss,,Aatrox,Taliyah,Akali,Ashe,Alistar,Irelia,Elise,Jayce,Sivir,Karma,,Yuumi,Sejuani,Yasuo,Tahm Kench,No Ban,Sona,Irelia,Akali,Aatrox,Karma,Lee Sin,Ashe,Jarvan IV,Thresh,Olaf,Lux,Taliyah,Elise,Jayce,Alistar,,Flex,Support,Bot,Jungle,Mid,Flex,Flex,Bot,Jungle,Support,,sOAZ,Kirei,Febiven,Hans Sama,Gorilla,Expect,Caedrel,Mickey,Jeskla,Mystiques
3/7/19,9.13,5,https://www.youtube.com/watch?v=skVKzdFVXcQ,XL,Blue,,Win,,Akali,Olaf,Syndra,Ashe,Tahm Kench,Aatrox,Jarvan IV,Ekko,Cassiopeia,Lux,,Irelia,Sejuani,Karma,Yasuo,Yuumi,Fiddlesticks,Tahm Kench,Aatrox,Lux,Akali,Ashe,Cassiopeia,Gragas,Sivir,Kindred,Elise,Jarvan IV,Olaf,Syndra,Ekko,,Support,Flex,Bot,Jungle,Mid,Flex,Support,Flex,Jungle,Mid,,sOAZ,Kirei,Febiven,Hans Sama,Gorilla,Expect,Caedrel,Mickey,Jeskla,Mystiques
4/7/19,9.13,1,https://www.youtube.com/watch?v=8XKSLrSasqY,MSFA,Blue,,Loss,,Irelia,Sejuani,Mordekaiser,Ashe,Thresh,Aatrox,Kindred,Akali,Lux,Galio,,Karma,Draven,Jayce,Yuumi,Sona,Sivir,Mordekaiser,Lux,Aatrox,Irelia,Sejuani,Akali,Nautilus,Neeko,Xayah,Ezreal,Kindred,Ashe,Thresh,Galio,,Flex,Flex,Jungle,Bot,Support,Support,Flex,Flex,Jungle,Support,,sOAZ,Maxlore,Febiven,Hans Sama,Gorilla,Dan Dan,Kirei,LIDER,Neon,Hiiva
4/7/19,9.13,2,https://www.youtube.com/watch?v=xytzsbz44Sk,MSFA,Red,,Loss,,Aatrox,Skarner,Mordekaiser,Kalista,Lux,Kennen,Sejuani,Yasuo,Ezreal,Yuumi,,Draven,No Ban,Sivir,Jayce,Irelia,Cho'Gath,Yuumi,Mordekaiser,Aatrox,Ezreal,Yasuo,Kalista,Gragas,Nautilus,Elise,Thresh,Lux,Sejuani,Kennen,Skarner,,Support,Bot,Mid,Jungle,Top,Flex,Flex,Bot,Support,Jungle,,sOAZ,Maxlore,Febiven,Hans Sama,Gorilla,Dan Dan,Kirei,LIDER,Neon,Hiiva
4/7/19,9.13,3,https://www.youtube.com/watch?v=bL9ssknFREM,MSFA,Blue,,Win,,Mordekaiser,Kha'Zix,Aatrox,Sona,Tahm Kench,Neeko,Kindred,Twisted Fate,Sivir,Yuumi,,No Ban,Draven,Janna,Karma,Sejuani,Jarvan IV,Mordekaiser,Yuumi,Twisted Fate,Sona,Tahm Kench,Sivir,Olaf,Gragas,Irelia,Taliyah,Kindred,Aatrox,Kha'Zix,Neeko,,Flex,Bot,Support,Flex,Jungle,Support,Mid,Bot,Jungle,Top,,sOAZ,Maxlore,Febiven,Hans Sama,Gorilla,Dan Dan,Kirei,LIDER,Neon,Hiiva
4/7/19,9.13,4,https://www.youtube.com/watch?v=QBwz6-yWMzc,MSFA,Red,,Win,Neeko,Neeko,Rek'Sai,Irelia,Ezreal,Tahm Kench,Jarvan IV,Skarner,Akali,Lux,Galio,,Draven,Janna,Yuumi,Sejuani,Sivir,Yasuo,Lux,Neeko,Irelia,Akali,Jarvan IV,Rek'Sai,Kindred,Thresh,Aatrox,Xayah,Ezreal,Galio,Skarner,Tahm Kench,,Support,Flex,Flex,Support,Jungle,Flex,Flex,Jungle,Bot,Support,,sOAZ,Maxlore,Febiven,Hans Sama,Gorilla,Dan Dan,Kirei,LIDER,Neon,Hiiva
4/7/19,9.13,5,https://www.youtube.com/watch?v=LQAunkopo3s,MSFA,Red,,Win,Karma,Karma,Aatrox,Irelia,Lucian,Blitzcrank,Jax,Rek'Sai,Mordekaiser,Ashe,Lux,,Draven,Sejuani,Yuumi,Sona,Sivir,No Ban,Lux,Irelia,Karma,Mordekaiser,Rek'Sai,Aatrox,Poppy,Ezreal,Neeko,No Ban,Lucian,Jax,Ashe,Blitzcrank,,Support,Flex,Jungle,Top,Bot,Flex,Flex,Flex,Bot,Support,,sOAZ,Maxlore,LIDER,Hans Sama,Gorilla,Dan Dan,Kirei,Febiven,Neon,Hiiva
4/7/19,9.13,6,https://www.youtube.com/watch?v=UeaRFaVNhyE,MSFA,Blue,,Loss,Irelia,Irelia,Sejuani,Mordekaiser,Lucian,Galio,Gangplank,Kindred,Akali,Xayah,Rakan,,Jayce,Draven,Tahm Kench,Lux,Karma,Yuumi,Sejuani,Xayah,Rakan,Irelia,Lucian,Akali,Sylas,Aatrox,Nautilus,Olaf,Kindred,Mordekaiser,Galio,Gangplank,,Jungle,Flex,Bot,Flex,Support,Bot,Support,Mid,Jungle,Top,,sOAZ,Maxlore,LIDER,Hans Sama,Gorilla,Dan Dan,Kirei,Febiven,Neon,Hiiva
5/7/19,9.13,1,https://www.youtube.com/watch?v=dgyA3JixEfg,SK,Blue,,Win,,Shen,Sylas,Zed,Sona,Tahm Kench,Vladimir,Rek'Sai,Aatrox,Sivir,Lux,,Jayce,Elise,Yuumi,Mordekaiser,Olaf,Irelia,Tahm Kench,Lux,Aatrox,Sona,Sylas,Sivir,Yasuo,Gragas,Renekton,No Ban,Rek'Sai,Shen,Zed,Vladimir,,,,,,,,,,,,,sOAZ,Maxlore,LIDER,Hans Sama,Gorilla,,,,,
5/7/19,9.13,2,https://www.youtube.com/watch?v=klHgoXnOJKo,SK,Red,,Loss,,Aatrox,Sylas,Akali,Ezreal,Yuumi,Mordekaiser,Vi,Azir,Lucian,Nautilus,,Elise,Sejuani,Sivir,Sona,Irelia,Lux,Mordekaiser,Sylas,Yuumi,Nautilus,Lucian,Ezreal,Gragas,Yasuo,No Ban,Zed,Aatrox,Azir,Vi,Akali,,,,,,,,,,,,,sOAZ,Maxlore,LIDER,Hans Sama,Gorilla,,,,,
5/7/19,9.13,3,https://www.youtube.com/watch?v=AdTr9lJGTQI,SK,Blue,,Loss,,Gangplank,Sejuani,Irelia,Neeko,Yuumi,Vladimir,Sylas,Renekton,Caitlyn,Lux,,No Ban,Elise,Jayce,Mordekaiser,Olaf,Tahm Kench,Sejuani,Lux,Sylas,Irelia,Yuumi,Renekton,Aatrox,Akali,Lucian,Rumble,Caitlyn,Neeko,Gangplank,Vladimir,,,,,,,,,,,,,sOAZ,Maxlore,Febiven,Hans Sama,Gorilla,,,,,
5/7/19,9.13,4,https://www.youtube.com/watch?v=My8_GVk0M_M,SK,Red,,Loss,,Karma,Olaf,Azir,Ezreal,Lux,Mordekaiser,Rek'Sai,Corki,Varus,Tahm Kench,,Elise,Sejuani,Sivir,Sona,Irelia,Yuumi,Mordekaiser,Karma,Olaf,Tahm Kench,Varus,Ezreal,Vi,Braum,No Ban,Zed,Azir,Corki,Rakan,Lux,,,,,,,,,,,,,sOAZ,Kirei,Febiven,Hans Sama,Gorilla,,,,,
5/7/19,9.13,5,https://www.youtube.com/watch?v=RaifZ7TQ_Cg,SK,Blue,,Loss,,Karma,Jarvan IV,Aatrox,Lucian,Yuumi,Kennen,Xin Zhao,Neeko,Sivir,Nautilus,,Jayce,Elise,Sejuani,Mordekaiser,No Ban,Tahm Kench,Yuumi,Nautilus,Sivir,Lucian,Jarvan IV,Xin Zhao,Viktor,Azir,Akali,Irelia,Kennen,Karma,Aatrox,Neeko,,,,,,,,,,,,,sOAZ,Kirei,Febiven,Hans Sama,Gorilla,,,,,
6/7/19,9.13,1,https://www.youtube.com/watch?v=Y8biliBxqO0,RGE,Red,,Win,,Vladimir,Gragas,Irelia,Ezreal,Karma,Mordekaiser,Sylas,Twisted Fate,Caitlyn,Lux,,Olaf,Sejuani,Aatrox,Sona,Veigar,Yuumi,Mordekaiser,Karma,Irelia,Lux,Caitlyn,Ezreal,Renekton,Tahm Kench,Rek'Sai,Pyke,Gragas,Sylas,Twisted Fate,Vladimir,,,,,,,,,,,,,,,,,,,,,,
6/7/19,9.13,2,,RGE,Blue,,Win,,Aatrox,Nocturne,Azir,Sona,Tahm Kench,Neeko,Olaf,Taliyah,Ashe,Lux,,Karma,Mordekaiser,Qiyana,Yuumi,Irelia,Sylas,Tahm Kench,Neeko,Olaf,Aatrox,Sona,Lux,Jarvan IV,Jayce,Kindred,Caitlyn,Ashe,Nocturne,Azir,Taliyah,,,,,,,,,,,,,,,,,,,,,,
6/7/19,9.13,3,https://www.youtube.com/watch?v=LDuTV3M71jI,RGE,Red,,Loss,,Vladimir,Aatrox,Sylas,Ashe,Tahm Kench,Mordekaiser,Olaf,Neeko,Varus,Braum,,Garen,Sejuani,Irelia,Sona,Karma,Yuumi,Mordekaiser,Aatrox,Sylas,Olaf,Neeko,Tahm Kench,Pyke,Sivir,Ezreal,Jayce,Ashe,Braum,Varus,Vladimir,,,,,,,,,,,,,,,,,,,,,,
6/7/19,9.13,4,https://www.youtube.com/watch?v=cqbIH-YDb00,RGE,Blue,,Loss,,Sylas,Lee Sin,Yasuo,Ezreal,Lux,Neeko,Olaf,Rumble,Sivir,Tahm Kench,,Karma,Mordekaiser,Irelia,Yuumi,Sona,Cho'Gath,Sylas,Neeko,Olaf,Lux,Ezreal,Sivir,Aatrox,Jayce,Jarvan IV,Pyke,Tahm Kench,Lee Sin,Yasuo,Rumble,,,,,,,,,,,,,,,,,,,,,,
6/7/19,9.13,5,https://www.youtube.com/watch?v=YhA9ZL5tBqE,RGE,Red,,Win,,Poppy,Sylas,Akali,Xayah,Thresh,Jayce,Gragas,Irelia,Neeko,Karma,,Garen,Olaf,Mordekaiser,Sejuani,Annie,Sona,Karma,Sylas,Xayah,Irelia,Neeko,Akali,Sivir,Rakan,Ezreal,Nautilus,Thresh,Gragas,Jayce,Poppy,,,,,,,,,,,,,,,,,,,,,,
8/7/19,9.13,1,https://www.youtube.com/watch?v=n-1pCsJg1tc,MSFA,Blue,,Loss,,Kennen,Gragas,Yasuo,Sona,Taric,Aatrox,Skarner,Riven,Sivir,Yuumi,,Mordekaiser,Dr Mundo,Akali,Kindred,Zed,Karma,Yasuo,Yuumi,Aatrox,Gragas,Sona,Sivir,Irelia,Olaf,Tahm Kench,Jayce,Skarner,Taric,Kennen,Riven,,,,,,,,,,,,,,,,,,,,,,
8/7/19,9.13,2,https://www.youtube.com/watch?v=N4PdnDPVAMQ,MSFA,Red,,Loss,,Poppy,Sylas,Jayce,Kalista,Nautilus,Aatrox,Gragas,Zed,Sivir,Yuumi,,Draven,No Ban,Kindred,Sona,Karma,Irelia,Yuumi,Nautilus,Sylas,Sivir,Aatrox,Kalista,Olaf,Neeko,Elise,Mordekaiser,Jayce,Gragas,Zed,Poppy,,,,,,,,,,,,,,,,,,,,,,
8/7/19,9.13,3,https://www.youtube.com/watch?v=T9snhUxPA8M,MSFA,Blue,,Loss,,Jarvan IV,Sylas,Aatrox,Ezreal,Karma,Neeko,Sejuani,Talon,Sivir,Lux,,Mordekaiser,Draven,Yuumi,No Ban,Irelia,Kalista,Karma,Sivir,Lux,Ezreal,Aatrox,Sejuani,Olaf,Zed,Skarner,Yasuo,Neeko,Jarvan IV,Sylas,Talon,,,,,,,,,,,,,,,,,,,,,,
8/7/19,9.13,4,https://www.youtube.com/watch?v=CPObmvwR7C4,MSFA,Red,23:00,Win,,Poppy,Aatrox,Akali,Kalista,Lux,Irelia,Gragas,Sylas,Sivir,Yuumi,,Draven,Sejuani,Karma,Yasuo,No Ban,Talon,Yuumi,Aatrox,Lux,Irelia,Sivir,Akali,Mordekaiser,Xayah,Neeko,Lucian,Kalista,Sylas,Gragas,Poppy,,,,,,,,,,,,,,,,,,,,,,
8/7/19,9.13,5,https://www.youtube.com/watch?v=u7NEbYyuOKc,MSFA,Blue,23:40,Loss,,Mordekaiser,Lee Sin,Azir,Varus,Tahm Kench,Aatrox,Sejuani,Ekko,Sona,Taric,,Olaf,Draven,Yasuo,Karma,Jayce,No Ban,Tahm Kench,Sona,Taric,Varus,Mordekaiser,Aatrox,Sylas,Jarvan IV,Irelia,Talon,Sejuani,Azir,Lee Sin,Ekko,,,,,,,,,,,,,,,,,,,,,,
8/7/19,9.13,6,https://www.youtube.com/watch?v=Supmr586LR0,MSFA,Red,23:05,Win,,Jayce,Xin Zhao,Ekko,Sona,Tahm Kench,Aatrox,Kindred,Syndra,Sivir,Blitzcrank,,Draven,Karma,Yasuo,Yuumi,Irelia,Nami,Aatrox,Tahm Kench,Sona,Sivir,Blitzcrank,Xin Zhao,Elise,Mordekaiser,Gragas,Zed,Jayce,Kindred,Syndra,Ekko,,,,,,,,,,,,,,,,,,,,,,
9/7/19,9.13,1,https://www.youtube.com/watch?v=gheoXBLmlW8,SK,Blue,?,Loss,,Aatrox,Nocturne,Corki,Ezreal,Yuumi,Neeko,Olaf,Twisted Fate,Sivir,Nautilus,,Jayce,Elise,Yasuo,Mordekaiser,Irelia,Tahm Kench,Yuumi,Sivir,Olaf,Aatrox,Ezreal,Nautilus,Kindred,Karma,Zed,Poppy,Neeko,Nocturne,Corki,Twisted Fate,,,,,,,,,,,,,,,,,,,,,,
9/7/19,9.13,2,https://www.youtube.com/watch?v=yrIonMerSkU,SK,Red,33:05,Loss,,Aatrox,Sylas,Syndra,Draven,Lux,Mordekaiser,Xin Zhao,Azir,Ashe,Tahm Kench,,Elise,Karma,Sivir,Yuumi,Irelia,Yasuo,Mordekaiser,Aatrox,Sylas,Tahm Kench,Azir,Lux,Olaf,Zed,Ezreal,Kalista,Draven,Ashe,Xin Zhao,Syndra,,,,,,,,,,,,,,,,,,,,,,
9/7/19,9.13,3,https://www.youtube.com/watch?v=kJ-Rh2CLqZI,SK,Blue,36:49,Win,,Karma,Sejuani,Irelia,Kalista,Lux,Ryze,Sylas,Renekton,Sivir,Nautilus,,Jayce,Elise,Olaf,Mordekaiser,Yasuo,Tahm Kench,Karma,Sylas,Sivir,Irelia,Sejuani,Renekton,Alistar,Yuumi,Rakan,Vi,Nautilus,Kalista,Lux,Ryze,,,,,,,,,,,,,,,,,,,,,,
9/7/19,9.13,4,https://www.youtube.com/watch?v=IaHlfKv1vPw,SK,Red,11:38,Loss,,Sylas,Jarvan IV,Ekko,Ezreal,Tahm Kench,Mordekaiser,Olaf,Twisted Fate,Caitlyn,Lux,,Elise,Karma,Sivir,Qiyana,Irelia,Yuumi,Mordekaiser,Sylas,Tahm Kench,Lux,Olaf,Ezreal,Kalista,Zed,Varus,Yasuo,Jarvan IV,Caitlyn,Twisted Fate,Ekko,,,,,,,,,,,,,,,,,,,,,,
9/7/19,9.13,5,https://www.youtube.com/watch?v=B2JBGIp8o5g,SK,Blue,10:00,Loss,,Karma,Gragas,Yasuo,Sivir,Yuumi,Kennen,Sylas,Pantheon,Varus,Lux,,Jayce,Elise,Olaf,Mordekaiser,Draven,Tahm Kench,Karma,Lux,Sylas,Sivir,Yuumi,Varus,Irelia,Syndra,Jarvan IV,Renekton,Kennen,Yasuo,Gragas,Pantheon,,,,,,,,,,,,,,,,,,,,,,
10/7/19,9.13,1,https://www.youtube.com/watch?v=1w9oyZLL6Mw,XL,Red,23:03,Loss,,Jayce,Sejuani,Irelia,Cassiopeia,Yuumi,Renekton,Sylas,Zed,Sona,Tahm Kench,,Yasuo,Karma,Draven,Qiyana,Neeko,Mordekaiser,Sejuani,Sylas,Tahm Kench,Irelia,Yuumi,Sona,Sivir,Akali,Ezreal,Jax,Renekton,Cassiopeia,Jayce,Zed,,,,,,,,,,,,,,,,,,,,,,
10/7/19,9.13,2,https://www.youtube.com/watch?v=u6kukUZezBg,XL,Blue,33:02,Loss,,Neeko,Xin Zhao,Akali,Ezreal,Yuumi,Rumble,Gragas,Yasuo,Sivir,Nautilus,,Karma,Draven,Olaf,Sejuani,Jayce,Mordekaiser,Yuumi,Yasuo,Gragas,Akali,Xin Zhao,Nautilus,Lucian,Aatrox,Xayah,Irelia,Sivir,Ezreal,Neeko,Rumble,,,,,,,,,,,,,,,,,,,,,,
10/7/19,9.13,3,https://www.youtube.com/watch?v=33PFeVs2Sms,XL,Red,23:30,Loss,,Aatrox,Olaf,Akali,Sivir,Lux,Irelia,Rek'Sai,Sylas,Sona,Tahm Kench,,Draven,Karma,Yasuo,Mordekaiser,Neeko,Qiyana,Olaf,Tahm Kench,Sona,Aatrox,Lux,Irelia,Renekton,Jarvan IV,Jayce,Kennen,Sylas,Sivir,Akali,Rek'Sai,,,,,,,,,,,,,,,,,,,,,,
10/7/19,9.13,4,https://www.youtube.com/watch?v=ccgnV9bOo4Y,XL,Blue,14:12,Win,,Irelia,Sylas,Azir,Kalista,Lux,Poppy,Gragas,Yasuo,Ezreal,Tahm Kench,,Jayce,Karma,Olaf,Sejuani,Qiyana,Mordekaiser,Lux,Yasuo,Gragas,Sylas,Azir,Tahm Kench,Neeko,Ashe,Sivir,Varus,Ezreal,Kalista,Irelia,Poppy,,,,,,,,,,,,,,,,,,,,,,